Word,Count
erstellen,22
angeben,20
****,14
Krieger,13
Datum:,13
13.11.2019,12
,11
Julian,11
Attribute,11
Autor:,11
Verbindungsparameter,10
Datenbankverbindung,10
ERSTELLEN,10
Treiber,10
einbinden,10
OBJEKTE,9
PANEL,8
der,7
Menü,6
BEFEHL,6
MIT,5
Menüitems,4
DB,4
des,4
Panels,4
Objekte,4
Info,4
hinzufügen,4
Label,4
von,3
zu,3
ENDE,3
Anzahl,3
+,3
LOGIN,3
Klasse,3
die,3
Color,2
-,2
EINF�GEN,2
TRENNEN,2
Menüitem,2
Einzelpreis,2
Font,2
Liefert,2
DK,2
\why,\,2
but,2
HOME,2
für,2
=,2
Artikelnummer,2
KONSTRUKTORS,2
Menüleiste,2
Setzen,2
nicht,2
PARAMETER,2
needed,2
Admin,2
Ergebnisse,2
Erstellen,2
DES,2
AUSF�HREN,2
Parameter,2
Autor:Julian,2
VERBINDEN,2
Filter.resetFilter();,2
IN,2
Bestellnummer,2
ANLEGEN,2
erstellt,2
liste_tabellen.enable_listPanel();,2
DML,2
NordwindTool.modus,2
VERBINDUNG,2
its,2
versandfirmenfilter.editRecord();,1
panel_home.add(panel_table);,1
PASSW�RTER,1
Icons,1
GETTER,1
Bestelldatum,1
LoginScreen,1
MENÜS/MENÜITEMS,1
ZU,1
ARRAY,1
Startbedingungen,1
\"\label_readMe"\\,1
AKTIVE,1
Fensters**,1
LISTENER,1
kundenfilter.editRecord();,1
Listenern,1
Lieferantennummer,1
BestellteEinheiten,1
mir,1
Vutton,1
\"\label_about_versionAuthor"\\,1
JK,1
Daten,1
Statische,1
Nutzers,1
howtodoinjava.com,1
personalfilter.createQuery();,1
DATENSCHUTZ,1
INSTANZIIEREN---------------------------------,1
Alle,1
Tabelle,1
DAS,1
TABELLE,1
lieferantenfilter.createQuery();,1
OptionPanes,1
Borders,1
FILTER,1
zur�ck,1
label_loginname.setText(null);,1
Eingebunden,1
\"\label_githubUser"\\,1
personalfilter.editRecord();,1
Konfiguration,1
\"\Abfragen"\;\,1
versandfirmenfilter.createQuery();,1
worden,1
Menues,1
Menüs,1
Methode,1
free,1
Icon,1
Reset,1
EINER,1
\"\Editieren"\;\,1
\cl_main.show(panel_main,\,1
bestelldetailsfilter.editRecord();,1
CardLayout,1
konfigurieren,1
true,1
Liefereinheit,1
Passwort,1
AM,1
Grafiken,1
lieferantenfilter.editRecord();,1
kundenfilter.createQuery();,1
HINZUFÜGEN,1
METHODEN,1
Objektabhängige,1
und,1
setzen,1
welche,1
durch,1
Hinzufügen,1
Tabellenpanels,1
-----------------FRAME-INITIALISIERUNG----------------------------------,1
ALLE,1
-----------------------METHODEN-----------------------------------,1
fuer,1
bestelldetailsfilter.createQuery();,1
\"\LOGIN"\);\,1
L�SCHEN,1
ist,1
the,1
\"\label_githubProject"\\,1
ACTIONLISTENER,1
Liste,1
JavaEditor,1
�BERGEBEN*,1
------------------------MAIN,1
Lagerbestand,1
mitgeliefert,1
kategoriefilter.editRecord();,1
OBJEKT,1
Universales,1
Artikelname,1
F�LLT,1
Personalnummer,1
dem,1
ABFRAGEN,1
if,1
kategoriefilter.createQuery();,1
15.10.2019,1
Mindestbestand,1
Quelle:,1
MAIN,1
**Konfiguration,1
Methoden,1
bestellungenfilter.createQuery();,1
instanziieren,1
ERGEBNIS,1
Format,1
--------------------OBJEKTE,1
0,1
Diese,1
BESTIMMTEN,1
Utility,1
//LEEREN,1
Kategorienummer,1
Auslaufartikel,1
fr,1
UM,1
is,1
mit,1
username,1
Gibt,1
Bilder,1
bestellungenfilter.editRecord();,1
DER,1
->,1
\JEClases.jar,\,1
METHODE--------------------------------------,1
Kundencode,1
Returns,1
wird,1
